{"annual_growth_rate": 0.043772710797875876, "monthly_growth_rate": 0.0036477258998229897, "last_market_avg": 3403.6356589147285, "num_data_months": 11}